{
    "best_ind": {
        "fitness": 0.48919999999999997,
        "genome": [
            84,
            44,
            27,
            205,
            167,
            205,
            27,
            44,
            75,
            205,
            27,
            44,
            75,
            205,
            27,
            205,
            27,
            205,
            212,
            205,
            65,
            124,
            163,
            150,
            134,
            94,
            4,
            239,
            172,
            168,
            108
        ],
        "phenotype": "aq(\"r[0]\", \"x[26]\")",
        "nodes": 2,
        "depth": 6,
        "used_codons": 5,
        "invalid": false,
        "n_wraps": 0,
        "structure": [
            0,
            0,
            3,
            1,
            26
        ]
    },
    "execution_time": 600.2617771625519
}